{
    "parameters": {
        "k_factor": 50,
        "home_advantage": 68,
        "margin_factor": 0.9901143002946818,
        "season_carryover": 0.5618665635151621,
        "max_margin": 65,
        "beta": 0.06086831903001442,
        "base_rating": 1500.0
    },
    "log_loss": 0.6098636834711285,
    "n_iterations": 100,
    "optimization_method": "bayesian",
    "convergence_history": [
        0.6192929666889544,
        0.6231079142747711,
        0.6250684280679578,
        0.6382776110411571,
        0.637168623563133,
        0.634096951803289,
        0.6427279908601505,
        0.6329454379628118,
        0.6272106280547066,
        0.6180527179247024,
        0.6172365943111827,
        0.637718680856672,
        0.620286183418784,
        0.6201289328576247,
        0.6239849144586884,
        0.6204393657048005,
        0.6354236313354673,
        0.6305396254793533,
        0.6238451275068537,
        0.6294352831800527,
        0.612504257713856,
        0.6098636834711285,
        0.6417215317455054,
        0.6162566960502304,
        0.6165086693373659,
        0.6118565123218742,
        0.6110803476379653,
        0.6299218079063674,
        0.6120987000748342,
        0.6249714929056175,
        0.6134196366635125,
        0.6119312576834506,
        0.6218366067000337,
        0.644904675326524,
        0.6128365660065528,
        0.6237707521354142,
        0.6264842306820744,
        0.6418909891725874,
        0.6117722371086599,
        0.6426228949011583,
        0.6125601100529238,
        0.6238553444030557,
        0.6103383660206698,
        0.6162255123437378,
        0.633326469817952,
        0.6308903704834844,
        0.6149300851227114,
        0.6193212287609867,
        0.61347790833897,
        0.6144262322823102,
        0.6131358050113306,
        0.6459607934953874,
        0.619711367885599,
        0.6150847739558832,
        0.6273210587899438,
        0.6409204983228624,
        0.640952703476708,
        0.6115564663688374,
        0.6185504806695009,
        0.6185532717432213,
        0.6179036388268929,
        0.6419353418505731,
        0.6147181458275105,
        0.6407572350971793,
        0.615942101371092,
        0.6104463460796298,
        0.6207187621943425,
        0.6219093221811325,
        0.6255319456544952,
        0.6199512956416035,
        0.6154107475288806,
        0.6259180583668623,
        0.6136864362276658,
        0.6187936121141732,
        0.6241714664148352,
        0.6165564282640089,
        0.615202008377028,
        0.6185112168359663,
        0.6159075899991842,
        0.6101055353120578,
        0.6137525035638068,
        0.6456864160130552,
        0.6274545065364826,
        0.6252894426897971,
        0.6134632204618762,
        0.6286426271501419,
        0.6167841196459939,
        0.6182665583522433,
        0.6267593266174659,
        0.6190464836502031,
        0.6231103215776713,
        0.6338672002066755,
        0.6323536044954062,
        0.6163473919717561,
        0.6351103049802639,
        0.6122351648330344,
        0.6242093920135899,
        0.619495058473856,
        0.6194618255345565,
        0.6242329474292178
    ]
}