{
    "parameters": {
        "base_rating": 1500.0,
        "k_factor": 33,
        "default_home_advantage": 60,
        "interstate_home_advantage": 62,
        "margin_factor": 0.3226978036276593,
        "season_carryover": 0.7345768382877493,
        "max_margin": 139,
        "beta": 0.06332276866699424
    },
    "team_ratings": {
        "Carlton": 1524.2020421415968,
        "Essendon": 1455.6523625747475,
        "Geelong": 1580.9821191296744,
        "North Melbourne": 1235.7084067433627,
        "Brisbane Lions": 1688.3906561210656,
        "West Coast": 1282.241325071099,
        "Western Bulldogs": 1562.4332404218383,
        "Richmond": 1284.6552850057394,
        "Melbourne": 1501.0839825762916,
        "St Kilda": 1509.268524184992,
        "Fitzroy": 1499.9442354107648,
        "Sydney": 1629.7988044610108,
        "Hawthorn": 1559.763577082537,
        "Collingwood": 1590.9089877222477,
        "Adelaide": 1448.456700897524,
        "Fremantle": 1507.8938011647515,
        "Port Adelaide": 1608.8832407342984,
        "Gold Coast": 1447.2661119488089,
        "Greater Western Sydney": 1582.46659660765
    },
    "team_states": {},
    "model_type": "AFL_ELO_Standard"
}