{
    "parameters": {
        "base_rating": 1500.0,
        "k_factor": 30,
        "default_home_advantage": 64,
        "interstate_home_advantage": 57,
        "margin_factor": 0.6292916631042356,
        "season_carryover": 0.7497191876537252,
        "max_margin": 154,
        "beta": 0.07505098045990963
    },
    "team_ratings": {
        "Carlton": 1527.6571733518451,
        "Essendon": 1458.1108336375933,
        "Geelong": 1581.3518882769488,
        "North Melbourne": 1236.574162970111,
        "Brisbane Lions": 1682.804572744978,
        "West Coast": 1282.384961294062,
        "Western Bulldogs": 1559.8848419936637,
        "Richmond": 1296.1476896384693,
        "Melbourne": 1507.5709105875376,
        "St Kilda": 1507.0573311310116,
        "Fitzroy": 1499.9030035461017,
        "Sydney": 1627.0256004323157,
        "Hawthorn": 1551.4040279584826,
        "Collingwood": 1591.7873792153043,
        "Adelaide": 1447.3981478434634,
        "Fremantle": 1509.4700525975036,
        "Port Adelaide": 1606.6584730722461,
        "Gold Coast": 1447.9446659502944,
        "Greater Western Sydney": 1578.8642837580664
    },
    "team_states": {},
    "model_type": "AFL_ELO_Standard"
}