{
    "model_type": "margin_only_elo",
    "parameters": {
        "k_factor": 34.0,
        "home_advantage": 49.0,
        "season_carryover": 0.5,
        "margin_scale": 0.15593087226429303,
        "max_margin": 65.0,
        "base_rating": 1500.0
    },
    "mae": 30.11827121416681,
    "optimization_details": {
        "method": "bayesian",
        "n_calls": 100,
        "n_starts": 3,
        "start_year": 1990,
        "end_year": 2024,
        "convergence_history": [
            30.95635619317962,
            32.3682589047045,
            30.143878958533914,
            30.977975230751433,
            31.655932973485353,
            30.372965934635573,
            31.373970537713035,
            30.603980829408282,
            34.3025027676843,
            30.91070599598785,
            30.17059276674685,
            31.65003600070724,
            32.930074887451056,
            31.260842851102833,
            30.90621713999921,
            30.44320072414984,
            31.262429450091485,
            30.20012941770592,
            31.837081455689514,
            30.80612723044637,
            30.622477241757505,
            30.576273633509718,
            30.36527673840054,
            31.609196227052415,
            30.373993378027603,
            31.741643973420157,
            30.26125341608369,
            30.798020051344672,
            30.15719461039285,
            30.145535946057315,
            31.270146969935496,
            30.228167164636737,
            30.131493185904645,
            31.117061150760346,
            30.179454412752566,
            30.265216359042316,
            38.68512263771882,
            30.43380145459633,
            31.15860656649229,
            30.17506942854677,
            30.142662010083754,
            30.118310560022376,
            30.241752917483577,
            31.82443847769433,
            30.158872715295026,
            30.120487083933178,
            30.229753223412757,
            30.583975090160592,
            31.32288787834973,
            30.34924961458937,
            30.3302471277855,
            30.13865974829084,
            30.140491531791948,
            30.137671324149217,
            30.13613124981367,
            30.150646034290936,
            30.139177952300308,
            30.123227798654593,
            30.193584141224353,
            30.13332529474804,
            30.30932674037088,
            30.12747894436577,
            30.27476115833159,
            30.828663077324684,
            30.158007530139503,
            30.12797640342914,
            30.13938103224697,
            30.11827121416681,
            30.325854097436636,
            30.165820561025257,
            30.13926316717637,
            30.181664750525925,
            30.195104760934306,
            30.19618015640944,
            30.192312695134348,
            30.224649046051212,
            30.133158164208233,
            30.119736324218707,
            30.23954063275158,
            30.12404335019403,
            30.11930604628314,
            30.210941987000265,
            30.21916709899076,
            30.12360434028973,
            30.137333057811194,
            31.6433016586557,
            30.134025015465976,
            30.18602815529626,
            30.187777906223104,
            30.197251186628105,
            30.284634183150615,
            30.19496129334142,
            30.245201560592143,
            30.405031530314954,
            30.148623641017988,
            30.140460330783753,
            30.212219128583335,
            30.127125546935652,
            30.157624889117475,
            30.130493191311817
        ]
    }
}