{
    "parameters": {
        "k_factor": 15,
        "home_advantage": 48,
        "margin_factor": 0.7,
        "season_carryover": 0.6175025337560591,
        "max_margin": 60,
        "beta": 0.08,
        "base_rating": 1500.0
    },
    "log_loss": 0.6958558827121488,
    "n_iterations": 100,
    "optimization_method": "bayesian",
    "convergence_history": [
        0.7131805950812536,
        0.7062683682373498,
        0.7220691244197216,
        0.702342040245556,
        0.7018332648264453,
        0.7105994921509631,
        0.705880275122529,
        0.7029040893551436,
        0.7126695655385653,
        0.7065467656740771,
        0.7069582937508722,
        0.7105140453511781,
        0.7031584975251629,
        0.7122041867715515,
        0.7064755159279758,
        0.7185097410085037,
        0.7120818497106609,
        0.7080784140232187,
        0.7114595611442751,
        0.7031274992394447,
        0.6986888094402688,
        0.7049970513462016,
        0.7054812477791215,
        0.7049665090110993,
        0.7186467063196602,
        0.7108505973122936,
        0.7172574446426705,
        0.6958946803751711,
        0.6964819003490481,
        0.7210700043023363,
        0.6971505302074212,
        0.6963489448695973,
        0.7046406563174014,
        0.7067668323408718,
        0.7306689177290007,
        0.7066164382238233,
        0.7022526540460443,
        0.6959728253522439,
        0.6960478381748401,
        0.6959647828580877,
        0.7226063048079338,
        0.7013390619049751,
        0.6958717295383052,
        0.7180001127992732,
        0.7114415369655631,
        0.7123286206321191,
        0.7110038561175527,
        0.7122719950323788,
        0.7161670929961947,
        0.6991674725840081,
        0.7148603375801141,
        0.7059883505338148,
        0.695874758306502,
        0.7038534540520163,
        0.6958605416645421,
        0.6958605416645421,
        0.6958558827121488,
        0.695874758306502,
        0.6958558827121488,
        0.7244043627645467,
        0.7035032723810849,
        0.6958558827121488,
        0.7108610247032271,
        0.711074872508844,
        0.7052847701546627,
        0.7045908326043249,
        0.7061738366947551,
        0.7024271037698648,
        0.6979384302968732,
        0.6958605416645421,
        0.6989498127908419,
        0.6989221023948524,
        0.6958558827121488,
        0.7001568164960531,
        0.725464565789885,
        0.7041729804742995,
        0.7045269281436827,
        0.6958558827121488,
        0.6958558827121488,
        0.7148274850539916,
        0.6958594970093241,
        0.695874758306502,
        0.7131797484811968,
        0.6958558827121488,
        0.7086801556078339,
        0.6958558827121488,
        0.6958717295383052,
        0.7120198790611315,
        0.6958558827121488,
        0.7155795449305982,
        0.7105397474397634,
        0.7062051735238639,
        0.6958558827121488,
        0.6958558827121488,
        0.6958605416645421,
        0.6958605416645421,
        0.6958594970093241,
        0.6958558827121488,
        0.6958594970093241,
        0.6958605416645421
    ]
}