{
    "parameters": {
        "k_factor": 47,
        "home_advantage": 69,
        "margin_factor": 0.4712318118786548,
        "season_carryover": 0.6431728202207778,
        "max_margin": 84,
        "beta": 0.04788971700275127,
        "base_rating": 1500.0
    },
    "log_loss": 0.22059728086444425,
    "n_iterations": 100,
    "optimization_method": "bayesian",
    "convergence_history": [
        0.22452193925765387,
        0.22352236317011223,
        0.2280150119958963,
        0.2352186273337085,
        0.22968165735602578,
        0.228235192562736,
        0.23062991204818428,
        0.22609209017130952,
        0.22799360173447952,
        0.22285254655662276,
        0.22808020195207163,
        0.2286591387707339,
        0.23061538227278372,
        0.22283409843647864,
        0.22350961772679123,
        0.22302380238878491,
        0.22909597956274344,
        0.2221856737012923,
        0.22565761530074643,
        0.22952435274564667,
        0.2306382664905174,
        0.22530806711712867,
        0.2307353234221161,
        0.22936568956004233,
        0.22246321599164456,
        0.23298353869545593,
        0.22992453650557354,
        0.23073321681513584,
        0.24149233942002338,
        0.2363455516065145,
        0.22737662055512398,
        0.2257449956657929,
        0.2291060211978521,
        0.22804494059776848,
        0.23348088402029699,
        0.22626040206832335,
        0.22840381554611594,
        0.2325847521180834,
        0.225562639015086,
        0.2240874258815518,
        0.22468979295651265,
        0.22683345857107076,
        0.22494825676544977,
        0.22307295223812412,
        0.22744014334596804,
        0.2272912667782623,
        0.22738197294539744,
        0.22615817130674604,
        0.22059728086444425,
        0.2215472194266258,
        0.22212753580415692,
        0.22362937389927057,
        0.22454684647556009,
        0.2336469369520035,
        0.22299588778726268,
        0.22257765125899276,
        0.22428924869067438,
        0.22803938422503,
        0.22655216112721965,
        0.2321069903510751,
        0.22677973638723528,
        0.2278449503949356,
        0.223650962265326,
        0.22406960562596423,
        0.22414426728758477,
        0.23163850180854487,
        0.23152418056985202,
        0.2225507246610627,
        0.22355958671333043,
        0.23434513009689897,
        0.2295183197312439,
        0.23271520360642844,
        0.22832136895320487,
        0.22778134287865098,
        0.22774119358260445,
        0.2225506098318082,
        0.22159474734695878,
        0.22263320933639996,
        0.22221252088242052,
        0.22991032449910498,
        0.22422857076762262,
        0.22688742832704822,
        0.2255140207003964,
        0.22620438090502887,
        0.22397531165904735,
        0.22946670414333567,
        0.2224434268953088,
        0.23114913611786658,
        0.23335669301323153,
        0.22184610300114227,
        0.22831596918733849,
        0.22870225136033387,
        0.23467222889245531,
        0.22303753636422433,
        0.2349083264765472,
        0.2245279859177391,
        0.22909215497751273,
        0.222909492028217,
        0.2234581688628275,
        0.23016295825623953
    ]
}