{
    "parameters": {
        "k_factor": 49,
        "home_advantage": 52,
        "margin_factor": 0.4761341486226839,
        "season_carryover": 0.6116192526917009,
        "max_margin": 71,
        "beta": 0.0645784428337181,
        "margin_scale": 0.022368453382381737,
        "base_rating": 1500.0
    },
    "log_loss": 0.22054166399575867,
    "n_iterations": 100,
    "optimization_method": "bayesian",
    "convergence_history": [
        0.23168863568369508,
        0.2249602763882172,
        0.22586962912846664,
        0.22463885812987774,
        0.22275838331072584,
        0.2277282799463363,
        0.22906443477253918,
        0.22486746617130865,
        0.22536075664240682,
        0.222945240655965,
        0.22778268779738023,
        0.22580860128766805,
        0.22320918211847185,
        0.22934776910019666,
        0.22728959191185885,
        0.22432739904947313,
        0.2217646389793744,
        0.2303499772299013,
        0.22891997959737667,
        0.2278701593715652,
        0.2237026277323805,
        0.22793375518501552,
        0.22435282624642677,
        0.22546869308522208,
        0.2326367808333111,
        0.22770151910866646,
        0.23704939989201398,
        0.23764684197947297,
        0.2314615651051966,
        0.24129845424324767,
        0.22737466965231912,
        0.23200439840466758,
        0.22554416169979247,
        0.22924005214754828,
        0.22247738392301059,
        0.22476854622036477,
        0.2224247361739214,
        0.22189724983354484,
        0.23199208532123738,
        0.2225671379679503,
        0.22213239774495167,
        0.2223310036246581,
        0.2273456801355537,
        0.22054166399575867,
        0.22420824892218716,
        0.22165755093378747,
        0.22949139030694335,
        0.22395005653109631,
        0.22702148394211413,
        0.2282094562771999,
        0.22927446691984532,
        0.229635331009102,
        0.2209913406111621,
        0.22223732004494545,
        0.22241266938736198,
        0.22888173567809633,
        0.22208964539035203,
        0.22826829026555712,
        0.23268773997455958,
        0.228099088188381,
        0.23512004683881793,
        0.23093922727958938,
        0.22603968053021442,
        0.22343625122268806,
        0.22921009850791318,
        0.22988026140712228,
        0.2232254666300508,
        0.2220957850354104,
        0.22811393712803785,
        0.2230269086640788,
        0.22317687186498236,
        0.22911783889583615,
        0.22353985395575676,
        0.23175117714005158,
        0.22718496573657862,
        0.2237314102831785,
        0.23065779303782089,
        0.22698895108704065,
        0.22428515016828923,
        0.22506184656885497,
        0.22364636168810414,
        0.22902372317846176,
        0.23303525657289448,
        0.22806296593867015,
        0.23312195443892653,
        0.22700219644705583,
        0.22548405390040133,
        0.22556604403882674,
        0.22339540265086633,
        0.22577443747301346,
        0.22368651519639862,
        0.23207232876659245,
        0.22172702190533608,
        0.22922471566987024,
        0.2225001065300343,
        0.22750434305368616,
        0.23078633922501848,
        0.22725444437675488,
        0.22561135468056048,
        0.2250641251544393
    ]
}